res_id,res_name,res_cuisine,res_restriction,menu_size,usable_rev,total_rev
1,"Sunset Grill","American","",25,120,150
2,"Golden Dragon","Chinese","",30,200,250
3,"La Bella Italia","Italian","",20,180,210
4,"Tokyo Sushi","Japanese","",22,160,190
5,"Bangkok Spice","Thai","",18,140,170
6,"Parisian Cafe","French","",15,110,130
7,"El Rancho","Mexican","",28,170,200
8,"Green Garden","English","",12,90,100
9,"Halal Palace","Middle Eastern","Halal",24,130,160
10,"Vegan Delight","Others","Vegan",16,100,120
